Imputer,RMSE Score,R2 Score
zero,0.79707,-0.2278
mean,0.82335,-0.26837
mice,0.81673,-0.25853
