Imputer,RMSE Score,R2 Score
zero,0.74637,-0.14929
mean,0.82317,-0.26814
mice,5.540029752547725e+47,-9.717301565930244e+47
