Imputer,RMSE Score,R2 Score
zero,0.73213,-0.12766
mean,0.83787,-0.29163
mice,2.4119791052475584e+29,-4.230650202218944e+29
