Imputer,RMSE Score,R2 Score
zero,0.78826,-0.21406
mean,0.8379,-0.29166
mice,8.193036573181657e+48,-1.2506849400311097e+49
