Imputer,Accuracy Score,F1 Score
zero,0.94031,0.94009
mean,0.94031,0.94009
mice,0.97696,0.97688
