Imputer,Accuracy Score,F1 Score
zero,0.35315,0.15841
mean,0.35315,0.15841
mice,0.43735,0.27324
