Imputer,RMSE Score,R2 Score
zero,0.02495,-0.14646
mean,0.02722,-0.25036
mice,0.0276,-0.26715
