Imputer,RMSE Score,R2 Score
zero,0.02438,-0.12026
mean,0.02766,-0.27026
mice,0.02802,-0.28657
