Imputer,RMSE Score,R2 Score
zero,0.02328,-0.06963
mean,0.02732,-0.25466
mice,0.02757,-0.26605
