Imputer,Accuracy Score,F1 Score
zero,0.46031,0.31314
mean,0.47007,0.32833
mice,0.47627,0.46946
