Imputer,Accuracy Score,F1 Score
zero,0.46031,0.31314
mean,0.45543,0.31028
mice,0.46031,0.31314
