Imputer,RMSE Score,R2 Score
zero,0.01536,0.2943
mean,0.01536,0.2943
mice,0.01429,0.34303
