Imputer,RMSE Score,R2 Score
zero,0.01613,0.25887
mean,0.01613,0.25887
mice,0.01471,0.32407
