Imputer,RMSE Score,R2 Score
zero,0.01781,0.18207
mean,0.01781,0.18207
mice,0.01621,0.25481
