Imputer,RMSE Score,R2 Score
zero,0.01859,0.14683
mean,0.01859,0.14683
mice,0.018,0.1735
