Imputer,Accuracy Score,F1 Score
zero,0.56325,0.49269
mean,0.54242,0.47634
mice,0.5653,0.49801
