Imputer,Accuracy Score,F1 Score
zero,0.58822,0.50121
mean,0.59225,0.50797
mice,0.58479,0.49712
