Imputer,Accuracy Score,F1 Score
zero,0.54641,0.48884
mean,0.50062,0.43388
mice,0.53094,0.47819
