Imputer,Accuracy Score,F1 Score
zero,0.47245,0.43371
mean,0.43607,0.28518
mice,0.45491,0.38529
