Imputer,Accuracy Score,F1 Score
zero,0.45082,0.32962
mean,0.3989,0.25742
mice,0.44613,0.39479
