Imputer,RMSE Score,R2 Score
zero,0.01487,0.31668
mean,0.01487,0.31668
mice,0.01404,0.35497
