Imputer,RMSE Score,R2 Score
zero,0.01346,0.38181
mean,0.01346,0.38181
mice,0.01346,0.38181
