Imputer,RMSE Score,R2 Score
zero,0.01575,0.27653
mean,0.01575,0.27653
mice,0.0143,0.34322
