Imputer,RMSE Score,R2 Score
zero,0.01806,0.1703
mean,0.01806,0.1703
mice,0.01613,0.25938
