Imputer,RMSE Score,R2 Score
zero,0.0185,0.14986
mean,0.0185,0.14986
mice,0.01824,0.16222
