Imputer,Accuracy Score,F1 Score
zero,0.5835,0.50948
mean,0.53966,0.45451
mice,0.57404,0.48749
