Imputer,Accuracy Score,F1 Score
zero,0.56124,0.45948
mean,0.5027,0.37175
mice,0.5526,0.42918
