Imputer,Accuracy Score,F1 Score
zero,0.58618,0.50059
mean,0.58821,0.51031
mice,0.58685,0.51211
