Imputer,Accuracy Score,F1 Score
zero,0.50205,0.4069
mean,0.40761,0.27605
mice,0.47373,0.36364
