Imputer,Accuracy Score,F1 Score
zero,0.4178,0.26784
mean,0.35184,0.15504
mice,0.43327,0.27405
