Imputer,RMSE Score,R2 Score
zero,281.72525,-0.01394
mean,281.64909,-0.01359
mice,281.82207,-0.01433
