Imputer,Accuracy Score,F1 Score
zero,0.83371,0.83361
mean,0.83371,0.83361
mice,0.83516,0.83294
