Imputer,Accuracy Score,F1 Score
zero,0.80962,0.80679
mean,0.80962,0.80679
mice,0.79795,0.78852
