Imputer,Accuracy Score,F1 Score
zero,0.70825,0.66523
mean,0.70825,0.66523
mice,0.70388,0.67018
