Imputer,Accuracy Score,F1 Score
zero,0.97068,0.97056
mean,0.97068,0.97056
mice,0.97173,0.97163
