Imputer,Accuracy Score,F1 Score
zero,0.67962,0.48963
mean,0.67962,0.48963
mice,0.66635,0.41349
