Imputer,Accuracy Score,F1 Score
zero,0.97887,0.97856
mean,0.98033,0.98004
mice,0.97814,0.97782
