Imputer,Accuracy Score,F1 Score
zero,0.91909,0.91705
mean,0.8936,0.89223
mice,0.91253,0.91046
