Imputer,Accuracy Score,F1 Score
zero,0.9796,0.97931
mean,0.97887,0.97856
mice,0.97814,0.97782
