Imputer,Accuracy Score,F1 Score
zero,0.82511,0.8214
mean,0.79009,0.78691
mice,0.82581,0.8229
