Imputer,Accuracy Score,F1 Score
zero,0.75802,0.75121
mean,0.71208,0.70566
mice,0.73763,0.73142
