Imputer,RMSE Score,R2 Score
zero,0.71415,-0.10087
mean,0.79664,-0.22784
mice,18255871.75448,-25928677.78273
