Imputer,Accuracy Score,F1 Score
zero,0.52155,0.44714
mean,0.52155,0.44714
mice,0.55051,0.44409
