Imputer,Accuracy Score,F1 Score
zero,0.47377,0.39032
mean,0.47377,0.39032
mice,0.53299,0.43964
