Imputer,Accuracy Score,F1 Score
zero,0.39227,0.23628
mean,0.39227,0.23628
mice,0.47575,0.33269
