Imputer,Accuracy Score,F1 Score
zero,0.57606,0.48187
mean,0.57606,0.48187
mice,0.57406,0.47449
