Imputer,Accuracy Score,F1 Score
zero,0.57271,0.4851
mean,0.57271,0.4851
mice,0.57405,0.47552
