Imputer,Accuracy Score,F1 Score
zero,0.37202,0.22098
mean,0.37202,0.22098
mice,0.44341,0.29618
