Imputer,Accuracy Score,F1 Score
zero,0.48449,0.36785
mean,0.48449,0.36785
mice,0.55183,0.42415
