Imputer,Accuracy Score,F1 Score
zero,0.57068,0.47258
mean,0.57068,0.47258
mice,0.57609,0.48054
