Imputer,Accuracy Score,F1 Score
zero,0.38818,0.18978
mean,0.38818,0.18978
mice,0.48925,0.30023
