Imputer,Accuracy Score,F1 Score
zero,0.3619,0.17758
mean,0.3619,0.17758
mice,0.42258,0.23024
