Imputer,Accuracy Score,F1 Score
zero,0.57338,0.48067
mean,0.57338,0.48067
mice,0.56932,0.46689
