Imputer,Accuracy Score,F1 Score
zero,0.52422,0.42141
mean,0.52422,0.42141
mice,0.56597,0.45688
