Imputer,Accuracy Score,F1 Score
zero,0.48986,0.39024
mean,0.48986,0.39024
mice,0.55185,0.44854
