Imputer,Accuracy Score,F1 Score
zero,0.40771,0.24956
mean,0.40771,0.24956
mice,0.48522,0.35224
