Imputer,Accuracy Score,F1 Score
zero,0.57608,0.48396
mean,0.57608,0.48396
mice,0.57338,0.47689
