Imputer,Accuracy Score,F1 Score
zero,0.36867,0.17229
mean,0.36867,0.17229
mice,0.42593,0.23349
