Imputer,Accuracy Score,F1 Score
zero,0.45828,0.23475
mean,0.45828,0.23475
mice,0.47577,0.24585
