Imputer,RMSE Score,R2 Score
zero,0.0156,0.28298
mean,0.0156,0.28298
mice,0.01443,0.33688
