Imputer,RMSE Score,R2 Score
zero,0.01667,0.23383
mean,0.01667,0.23383
mice,0.01505,0.30791
