Imputer,RMSE Score,R2 Score
zero,0.01337,0.38562
mean,0.01337,0.38562
mice,0.01334,0.38675
