Imputer,RMSE Score,R2 Score
zero,0.01952,0.10308
mean,0.01952,0.10308
mice,0.01707,0.21571
