Imputer,RMSE Score,R2 Score
zero,0.04377,-0.01514
mean,0.04377,-0.015
mice,0.04376,-0.01485
