Imputer,RMSE Score,R2 Score
zero,280.95907,-0.01125
mean,281.35167,-0.01254
mice,281.55848,-0.01322
