Imputer,RMSE Score,R2 Score
zero,280.82589,-0.0107
mean,281.35166,-0.01254
mice,281.56251,-0.01323
