Imputer,RMSE Score,R2 Score
zero,281.63022,-0.0136
mean,281.81847,-0.01418
mice,5.80536465897916e+60,-2.1713948822518924e+58
