Imputer,RMSE Score,R2 Score
zero,281.16578,-0.01254
mean,283.58353,-0.02133
mice,283.67225,-0.02181
