Imputer,RMSE Score,R2 Score
zero,281.57884,-0.01398
mean,283.58348,-0.02133
mice,283.20444,-0.02002
