Imputer,Accuracy Score,F1 Score
zero,0.94606,0.94575
mean,0.94606,0.94575
mice,0.95555,0.95504
