Imputer,Accuracy Score,F1 Score
zero,0.92568,0.92528
mean,0.92568,0.92528
mice,0.93151,0.93074
