Imputer,Accuracy Score,F1 Score
zero,0.84477,0.84399
mean,0.84477,0.84399
mice,0.85495,0.85317
