Imputer,Accuracy Score,F1 Score
zero,0.88331,0.88062
mean,0.88331,0.88062
mice,0.87893,0.8763
