Imputer,Accuracy Score,F1 Score
zero,0.79722,0.79651
mean,0.79722,0.79651
mice,0.79649,0.79572
