Imputer,Accuracy Score,F1 Score
zero,0.55582,0.49261
mean,0.53289,0.4845
mice,0.56386,0.4983
