Imputer,Accuracy Score,F1 Score
zero,0.54243,0.46465
mean,0.49662,0.40995
mice,0.54648,0.44444
