Imputer,Accuracy Score,F1 Score
zero,0.48448,0.39713
mean,0.37468,0.21464
mice,0.47768,0.35027
