Imputer,Accuracy Score,F1 Score
zero,0.40039,0.26233
mean,0.34644,0.154
mice,0.41845,0.27122
