Imputer,Accuracy Score,F1 Score
zero,0.68592,0.67395
mean,0.68592,0.67395
mice,0.64956,0.62623
