Imputer,Accuracy Score,F1 Score
zero,0.34843,0.12495
mean,0.34843,0.12495
mice,0.4339,0.22934
