Imputer,Accuracy Score,F1 Score
zero,0.51713,0.42947
mean,0.52369,0.43238
mice,0.50766,0.43348
