Imputer,Accuracy Score,F1 Score
zero,0.95629,0.95598
mean,0.95629,0.95598
mice,0.95844,0.95795
