Imputer,RMSE Score,R2 Score
zero,0.02503,-0.14975
mean,0.02726,-0.25207
mice,0.02736,-0.25659
