Imputer,RMSE Score,R2 Score
zero,0.02547,-0.17025
mean,0.02732,-0.25493
mice,0.02732,-0.255
