Imputer,RMSE Score,R2 Score
zero,0.02482,-0.14022
mean,0.02726,-0.25205
mice,0.02773,-0.27367
