Imputer,RMSE Score,R2 Score
zero,0.08795,-0.51719
mean,0.08354,-0.43473
mice,0.08039,-0.38051
