Imputer,Accuracy Score,F1 Score
zero,0.91481,0.47769
mean,0.91481,0.47769
mice,0.91852,0.51622
