Imputer,Accuracy Score,F1 Score
zero,0.88596,0.88401
mean,0.88596,0.88401
mice,0.88311,0.88153
