Imputer,Accuracy Score,F1 Score
zero,0.91667,0.5157
mean,0.91481,0.51517
mice,0.91481,0.51517
