Imputer,Accuracy Score,F1 Score
zero,0.91111,0.49198
mean,0.91667,0.51851
mice,0.91296,0.50564
