Imputer,Accuracy Score,F1 Score
zero,0.91296,0.49249
mean,0.91667,0.5157
mice,0.91481,0.51517
