Imputer,Accuracy Score,F1 Score
zero,0.42586,0.26595
mean,0.42586,0.26595
mice,0.52086,0.37346
