Imputer,Accuracy Score,F1 Score
zero,0.48927,0.26902
mean,0.48927,0.26902
mice,0.48859,0.26884
