,banknote,concrete_compression,wine_quality_white,wine_quality_red,california,climate_model_crashes,connectionist_bench_sonar,qsar_biodegradation,yeast,yacht_hydrodynamics
0.3,0.29978118161925604,0.30000000000000004,0.29991833401388324,0.29956222639149466,0.30000000000000004,0.30000000000000004,0.29807692307692313,0.2995260663507109,0.29986522911051217,0.2987012987012987
0.5,0.49963530269876,0.5,0.5,0.4996873045653534,0.5,0.5,0.5,0.49952606635071095,0.5,0.5
0.7,0.6994894237782641,0.7,0.6998775010208248,0.699812382739212,0.6999515503875968,0.7,0.6971153846153846,0.6995260663507109,0.6994609164420484,0.698051948051948
