,banknote,concrete_compression,wine_quality_white,wine_quality_red,california,climate_model_crashes,connectionist_bench_sonar,qsar_biodegradation,yeast,yacht_hydrodynamics
0.1,0.036834427425237015,0.12609223300970873,0.019525594862467077,0.03325942350332589,0.00011506782945736038,0.04989711934156382,0.03557692307692306,0.14941625245636347,0.2685309973045822,0.09090909090909094
0.2,0.10029175784099198,0.05048543689320384,0.06633505326849554,0.0832906930467906,0.039740794573643434,0.09897119341563787,0.08157051282051286,0.1634030747890417,0.0005053908355795445,0.10389610389610393
0.3,0.11159737417943105,0.1696601941747573,0.12491183785589666,0.061743134913866626,0.007503633720930214,0.14927983539094647,0.11562499999999998,0.21622933764882668,0.13131738544474392,0.09090909090909094
0.4,0.057439824945295426,0.26614077669902914,0.12541297004343144,0.12098470635056002,0.10113856589147285,0.19938271604938274,0.17620192307692306,0.1638192116518321,0.2996967654986523,0.20021645021645018
0.5,0.09792122538293213,0.17038834951456305,0.18540034893648616,0.1284325430666894,0.1899285368217054,0.24814814814814812,0.2171474358974359,0.2498901861056525,0.254211590296496,0.12121212121212122
0.6,0.2992341356673961,0.23786407766990292,0.22660455102268084,0.27409176189664,0.29148498062015504,0.2992798353909465,0.26466346153846154,0.30944399491388275,0.1597877358490566,0.26515151515151514
0.7,0.17651349380014592,0.3421116504854369,0.24835740005196927,0.2810279151742566,0.331171269379845,0.3486625514403292,0.2984775641025641,0.35290717836088314,0.38915094339622647,0.3300865800865801
0.8,0.25528811086797953,0.3523058252427185,0.3379301384609674,0.31508329069304675,0.36463783914728687,0.3989711934156379,0.35024038461538465,0.3783146457056987,0.4266340970350404,0.3712121212121212
