,banknote,concrete_compression,wine_quality_white,wine_quality_red,california,climate_model_crashes,connectionist_bench_sonar,qsar_biodegradation,yeast,yacht_hydrodynamics
0.3,0.25,0.25,0.2727272727272727,0.2727272727272727,0.25,0.2777777777777778,0.30000000000000004,0.29268292682926833,0.25,0.16666666666666663
0.5,0.5,0.5,0.4545454545454546,0.4545454545454546,0.5,0.5,0.5,0.4878048780487805,0.5,0.5
0.7,0.5,0.625,0.6363636363636364,0.6363636363636364,0.625,0.6666666666666667,0.7,0.6829268292682926,0.625,0.6666666666666667
