Imputer,Accuracy Score,F1 Score
zero,0.91667,0.51813
mean,0.91481,0.51758
mice,0.91481,0.51411
