Imputer,Accuracy Score,F1 Score
zero,0.92222,0.54572
mean,0.91296,0.49713
mice,0.92222,0.54572
