Imputer,Accuracy Score,F1 Score
zero,0.91111,0.49482
mean,0.91481,0.47769
mice,0.91296,0.51044
