Imputer,Accuracy Score,F1 Score
zero,0.91371,0.47745
mean,0.91371,0.47745
mice,0.91371,0.47745
