Imputer,Accuracy Score,F1 Score
zero,0.91111,0.47666
mean,0.91296,0.47716
mice,0.91481,0.49987
