Imputer,Accuracy Score,F1 Score
zero,0.86516,0.86408
mean,0.86516,0.86408
mice,0.86445,0.8628
