Imputer,Accuracy Score,F1 Score
zero,0.90227,0.90078
mean,0.90227,0.90078
mice,0.90593,0.90456
