Imputer,Accuracy Score,F1 Score
zero,0.92903,0.63179
mean,0.92903,0.63179
mice,0.93185,0.65525
