Imputer,Accuracy Score,F1 Score
zero,0.94241,0.94204
mean,0.94241,0.94204
mice,0.98429,0.98424
