Imputer,Accuracy Score,F1 Score
zero,0.94165,0.94149
mean,0.94165,0.94149
mice,0.9475,0.94697
