Imputer,Accuracy Score,F1 Score
zero,0.92124,0.92096
mean,0.92124,0.92096
mice,0.9285,0.92766
