Imputer,Accuracy Score,F1 Score
zero,0.96353,0.96295
mean,0.96353,0.96295
mice,0.96864,0.96815
