Imputer,Accuracy Score,F1 Score
zero,0.8337,0.83297
mean,0.8337,0.83297
mice,0.85336,0.85082
