Imputer,Accuracy Score,F1 Score
zero,0.83585,0.83338
mean,0.83585,0.83338
mice,0.84462,0.84288
