Imputer,Accuracy Score,F1 Score
zero,0.87888,0.87817
mean,0.87888,0.87817
mice,0.87525,0.87239
