Imputer,Accuracy Score,F1 Score
zero,0.74401,0.74125
mean,0.74401,0.74125
mice,0.73449,0.71678
