Imputer,Accuracy Score,F1 Score
zero,0.95923,0.95879
mean,0.95923,0.95879
mice,0.95623,0.95568
