Imputer,Accuracy Score,F1 Score
zero,0.77601,0.76186
mean,0.77601,0.76186
mice,0.77891,0.76818
