Imputer,Accuracy Score,F1 Score
zero,0.68115,0.62979
mean,0.68115,0.62979
mice,0.68189,0.63786
