Imputer,RMSE Score,R2 Score
zero,0.71237,-0.09735
mean,0.80683,-0.24345
mice,1.2870840030697371e+122,-2.25756610652888e+122
