Imputer,RMSE Score,R2 Score
zero,0.76346,-0.1748
mean,0.78704,-0.21114
mice,27838621.35316,-48829389.82205
