Imputer,RMSE Score,R2 Score
zero,0.74503,-0.14572
mean,0.78843,-0.21326
mice,0.76162,-0.17229
