Imputer,Accuracy Score,F1 Score
zero,0.69479,0.57347
mean,0.69479,0.57347
mice,0.75924,0.71935
