Imputer,Accuracy Score,F1 Score
zero,0.84538,0.84489
mean,0.84538,0.84489
mice,0.88182,0.87828
