Imputer,Accuracy Score,F1 Score
zero,0.79863,0.79733
mean,0.79863,0.79733
mice,0.80886,0.80048
