Imputer,RMSE Score,R2 Score
zero,0.01324,0.39123
mean,0.01324,0.39123
mice,0.01334,0.38661
