Imputer,RMSE Score,R2 Score
zero,0.01515,0.30383
mean,0.01515,0.30383
mice,0.0146,0.32901
