Imputer,RMSE Score,R2 Score
zero,0.01549,0.28823
mean,0.01549,0.28823
mice,0.01496,0.31247
