Imputer,RMSE Score,R2 Score
zero,0.01425,0.34541
mean,0.01425,0.34541
mice,0.01428,0.34394
