Imputer,RMSE Score,R2 Score
zero,0.01688,0.22511
mean,0.01688,0.22511
mice,0.01609,0.2612
