Imputer,RMSE Score,R2 Score
zero,0.01806,0.17082
mean,0.01806,0.17082
mice,0.01739,0.20188
