Imputer,RMSE Score,R2 Score
zero,0.01371,0.75909
mean,0.01371,0.75909
mice,0.01302,0.77334
