Imputer,Accuracy Score,F1 Score
zero,0.95119,0.95098
mean,0.95119,0.95098
mice,0.95699,0.95655
