Imputer,Accuracy Score,F1 Score
zero,0.93952,0.93922
mean,0.93952,0.93922
mice,0.93731,0.93675
