Imputer,Accuracy Score,F1 Score
zero,0.83673,0.83631
mean,0.83673,0.83631
mice,0.83741,0.8347
