Imputer,Accuracy Score,F1 Score
zero,0.75944,0.75864
mean,0.75944,0.75864
mice,0.71063,0.69076
