Imputer,Accuracy Score,F1 Score
zero,0.85118,0.83078
mean,0.85118,0.83078
mice,0.84739,0.82625
