Imputer,Accuracy Score,F1 Score
zero,0.91481,0.49303
mean,0.92037,0.55314
mice,0.91667,0.49353
