Imputer,Accuracy Score,F1 Score
zero,0.92037,0.5261
mean,0.92037,0.5487
mice,0.92407,0.55225
