Imputer,Accuracy Score,F1 Score
zero,0.49963,0.48141
mean,0.5011,0.47979
mice,0.50329,0.48747
