Imputer,Accuracy Score,F1 Score
zero,0.54996,0.36394
mean,0.49964,0.45207
mice,0.50259,0.44665
