Imputer,Accuracy Score,F1 Score
zero,0.96721,0.96675
mean,0.96721,0.96675
mice,0.91468,0.91285
