Imputer,Accuracy Score,F1 Score
zero,0.98614,0.98601
mean,0.98614,0.98601
mice,0.96281,0.96236
