Imputer,Accuracy Score,F1 Score
zero,0.95922,0.95877
mean,0.95922,0.95877
mice,0.86217,0.85937
