Imputer,Accuracy Score,F1 Score
zero,0.93144,0.93064
mean,0.93144,0.93064
mice,0.91761,0.91595
