Imputer,Accuracy Score,F1 Score
zero,0.98178,0.98164
mean,0.98178,0.98164
mice,0.98979,0.98968
