Imputer,Accuracy Score,F1 Score
zero,0.97522,0.97504
mean,0.97522,0.97504
mice,0.95989,0.95951
