Imputer,Accuracy Score,F1 Score
zero,0.34968,0.12038
mean,0.34968,0.12038
mice,0.41176,0.18246
