Imputer,Accuracy Score,F1 Score
zero,0.30068,0.04861
mean,0.28041,0.05907
mice,0.28378,0.05959
