Imputer,Accuracy Score,F1 Score
zero,0.30598,0.05466
mean,0.2589,0.07868
mice,0.26698,0.07738
