Imputer,Accuracy Score,F1 Score
zero,0.91111,0.53634
mean,0.91111,0.53634
mice,0.91111,0.53634
