Imputer,RMSE Score,R2 Score
zero,0.04377,-0.01506
mean,0.04377,-0.01501
mice,0.04376,-0.01478
