Imputer,RMSE Score,R2 Score
zero,0.04377,-0.01513
mean,0.04376,-0.01488
mice,0.04376,-0.01485
