Imputer,RMSE Score,R2 Score
zero,281.47381,-0.013
mean,281.42421,-0.01286
mice,281.74189,-0.01401
