Imputer,RMSE Score,R2 Score
zero,282.03313,-0.01518
mean,281.53254,-0.01341
mice,281.3774,-0.01289
