Imputer,Accuracy Score,F1 Score
zero,0.9796,0.9793
mean,0.97814,0.97783
mice,0.97814,0.97783
