Imputer,Accuracy Score,F1 Score
zero,0.94391,0.94274
mean,0.92133,0.91954
mice,0.94463,0.94365
