Imputer,Accuracy Score,F1 Score
zero,0.91107,0.90849
mean,0.87172,0.86858
mice,0.90163,0.89958
