Imputer,Accuracy Score,F1 Score
zero,0.83239,0.82834
mean,0.766,0.75565
mice,0.83167,0.82773
