Imputer,Accuracy Score,F1 Score
zero,0.7916,0.78591
mean,0.70995,0.69412
mice,0.79305,0.78915
