Imputer,Accuracy Score,F1 Score
zero,0.9796,0.97931
mean,0.97595,0.97559
mice,0.98033,0.98003
