Imputer,Accuracy Score,F1 Score
zero,0.92593,0.92501
mean,0.92593,0.92501
mice,0.92577,0.92482
