Imputer,Accuracy Score,F1 Score
zero,0.93658,0.93527
mean,0.92344,0.92225
mice,0.94385,0.9426
