Imputer,Accuracy Score,F1 Score
zero,0.91467,0.91261
mean,0.87463,0.87223
mice,0.92051,0.91851
