Imputer,Accuracy Score,F1 Score
zero,0.80894,0.80097
mean,0.73537,0.72405
mice,0.80893,0.80102
