Imputer,Accuracy Score,F1 Score
zero,0.9796,0.9793
mean,0.97741,0.97707
mice,0.97887,0.97856
