Imputer,Accuracy Score,F1 Score
zero,0.55507,0.35689
mean,0.55507,0.35689
mice,0.55507,0.35689
