Imputer,Accuracy Score,F1 Score
zero,0.74257,0.72955
mean,0.66902,0.64949
mice,0.72073,0.70869
