Imputer,Accuracy Score,F1 Score
zero,0.49672,0.49151
mean,0.496,0.49061
mice,0.50182,0.49448
