Imputer,Accuracy Score,F1 Score
zero,0.92037,0.54131
mean,0.92037,0.54131
mice,0.92037,0.54131
