Imputer,RMSE Score,R2 Score
zero,0.01662,0.23613
mean,0.01662,0.23613
mice,0.01478,0.32076
